品目コード,ライン
H0100600,3号機
H0101210,5号機
H0101220,5号機
H0101230,5号機
H0101240,5号機
H0101800,3号機
H0120620,2号機
H0120630,2号機
H0190000,3号機
H0190100,3号機
H0191000,3号機
H0200000,2号機
H0200050,3号機
H0200080,2号機
H0210030,2号機
H0210050,5号機
H0210190,5号機
H0220050,5号機
H0220090,5号機
H0220150,5号機
H0220170,5号機
H0220200,5号機
H0220210,2号機
H0220230,2号機
H0225000,5号機
H0225270,5号機
H0225300,5号機
H0230000,5号機
H0230100,5号機
H0230380,5号機
H0230400,5号機
H0230420,5号機
H0280030,3号機
H0280070,2号機
H0280080,2号機
H0280120,2号機
H0280160,2号機
H0280170,2号機
H0280180,2号機
H0280190,2号機
H0280210,2号機
H0280230,5号機
H0280240,3号機
H0280250,2号機
H0280270,2号機
H0280290,2号機
H0280320,2号機
H0280330,6号機
H0280390,2号機
H0280400,2号機
H0280440,2号機
H0280450,2号機
H0280480,2号機
H0280560,3号機
H0280570,3号機
H0280580,3号機
H0280590,3号機
H0280610,2号機
H0280680,2号機
H0280690,2号機
H0280730,2号機
H0280740,2号機
H0290020,6号機
H0290030,6号機
H0290040,6号機
H0290090,6号機
H0290110,2号機
H0290130,6号機
H0290140,6号機
H0290150,6号機
H0290170,6号機
H0290220,6号機
H0290230,6号機
H0290270,6号機
H0290280,6号機
H0290320,6号機
H0300000,3号機
H0300080,3号機
H0390000,6号機
H0390080,6号機
H0400000,3号機
H0400020,3号機
H0410620,5号機
H0420650,3号機
H0420750,3号機
H0480050,3号機
H0480120,3号機
H0480140,3号機
H0500050,2号機
H0500100,2号機
H0500110,2号機
H0500120,2号機
H0510140,2号機
H0510150,2号機
H0520010,5号機
H0520100,5号機
H0520590,5号機
H0520750,5号機
H0520820,3号機
H0520870,2号機
H0520940,5号機
H0521060,2号機
H0521070,5号機
H0521150,5号機
H0521160,5号機
H0521190,5号機
H0521200,5号機
H0521210,5号機
H0521240,5号機
H0525110,5号機
H0530090,5号機
H0530100,5号機
H0530120,5号機
H0530130,5号機
H0530140,5号機
H0530150,5号機
H0530160,5号機
H0530170,5号機
H0530320,5号機
H0530400,5号機
H0530470,5号機
H0530510,5号機
H0530515,5号機
H0530520,5号機
H0580030,2号機
H0580200,2号機
H0580410,2号機
H0580510,2号機
H0580520,2号機
H0580730,2号機
H0580760,2号機
H0580770,2号機
H0580790,5号機
H0580900,3号機
H0580910,2号機
H0580920,2号機
H0581100,3号機
H0581120,5号機
H0581130,2号機
H0581140,3号機
H0581150,3号機
H0581190,6号機
H0581220,2号機
H0581230,2号機
H0581280,2号機
H0581290,5号機
H0581310,5号機
H0581350,2号機
H0581360,2号機
H0581370,2号機
H0581380,6号機
H0581390,5号機
H0581400,2号機
H0581410,5号機
H0581450,2号機
H0590060,6号機
H0590180,6号機
H0590190,6号機
H0590250,6号機
H0590440,6号機
H0590450,6号機
H0590600,6号機
H0590670,6号機
H0590680,6号機
H0590720,6号機
H0590790,6号機
H0590800,6号機
H0590830,6号機
H0620030,5号機
H0680150,6号機
H0680170,3号機
H0690000,6号機
H0690020,6号機
H0690030,6号機
